gender,percentage,source
Femenino,41.44500280260857,EMICRON
Masculino,58.55499719739142,EMICRON
Femenino,84.55014749262537,ZASCA
Masculino,15.376106194690264,ZASCA
No binario,0.07374631268436578,ZASCA
