gender,percentage,source
Femenino,41.52165117417095,EMICRON
Masculino,58.47834882582905,EMICRON
Femenino,85.22637013502779,ZASCA
Masculino,14.694201747418587,ZASCA
No binario,0.07942811755361398,ZASCA
