grupo,percentage,source
No vulnerable,56.99999999999999,Otros programas de apoyo
Vulnerable,43.0,Otros programas de apoyo
A,29.775580759928637,SISBÉN Nacional
B,36.732801869358866,SISBÉN Nacional
C,25.89688427816616,SISBÉN Nacional
D,7.594733092546349,SISBÉN Nacional
A,25.05800464037123,ZASCA
B,41.76334106728538,ZASCA
C,25.52204176334107,ZASCA
D,7.65661252900232,ZASCA
