grupo,percentage,source
No vulnerable,56.99999999999999,Otros programas de apoyo
Vulnerable,43.0,Otros programas de apoyo
A,33.25789922255462,SISBÉN Nacional
B,37.45231726347522,SISBÉN Nacional
C,22.805857209191018,SISBÉN Nacional
D,6.48392630477913,SISBÉN Nacional
A,26.324786324786327,ZASCA
B,41.53846153846154,ZASCA
C,24.786324786324787,ZASCA
D,7.350427350427351,ZASCA
